PackageName,KnownBadVersion,ThreatDescription,Source
02-echo,0.0.7,ShaiHulud,KOI
@accordproject/concerto-analysis,3.24.1,ShaiHulud,KOI
@accordproject/concerto-linter,3.24.1,ShaiHulud,KOI
@accordproject/concerto-linter-default-ruleset,3.24.1,ShaiHulud,KOI
@accordproject/concerto-metamodel,3.12.5,ShaiHulud,KOI
@accordproject/concerto-types,3.24.1,ShaiHulud,KOI
@accordproject/markdown-it-cicero,0.16.26,ShaiHulud,KOI
@accordproject/template-engine,2.7.2,ShaiHulud,KOI
@actbase/css-to-react-native-transform,1.0.3,ShaiHulud,KOI
@actbase/native,0.1.32,ShaiHulud,KOI
@actbase/node-server,1.1.19,ShaiHulud,KOI
@actbase/react-absolute,0.8.3,ShaiHulud,KOI
@actbase/react-daum-postcode,1.0.5,ShaiHulud,KOI
@actbase/react-kakaosdk,0.9.27,ShaiHulud,KOI
@actbase/react-native-actionsheet,1.0.3,ShaiHulud,KOI
@actbase/react-native-devtools,0.1.3,ShaiHulud,KOI
@actbase/react-native-fast-image,8.5.13,ShaiHulud,KOI
@actbase/react-native-kakao-channel,1.0.2,ShaiHulud,KOI
@actbase/react-native-kakao-navi,2.0.4,ShaiHulud,KOI
@actbase/react-native-less-transformer,1.0.6,ShaiHulud,KOI
@actbase/react-native-naver-login,1.0.1,ShaiHulud,KOI
@actbase/react-native-simple-video,1.0.13,ShaiHulud,KOI
@actbase/react-native-tiktok,1.1.3,ShaiHulud,KOI
@afetcan/api,0.0.13,ShaiHulud,KOI
@afetcan/storage,0.0.27,ShaiHulud,KOI
@alaan/s2s-auth,2.0.3,ShaiHulud,KOI
@alexadark/amadeus-api,1.0.4,ShaiHulud,KOI
@alexadark/gatsby-theme-events,1.0.1,ShaiHulud,KOI
@alexadark/gatsby-theme-wordpress-blog,2.0.1,ShaiHulud,KOI
@alexadark/reusable-functions,1.5.1,ShaiHulud,KOI
@alexcolls/nuxt-socket.io,0.0.7,ShaiHulud,KOI
@alexcolls/nuxt-socket.io,0.0.8,ShaiHulud,KOI
@alexcolls/nuxt-ux,0.6.1,ShaiHulud,KOI
@alexcolls/nuxt-ux,0.6.2,ShaiHulud,KOI
@antstackio/eslint-config-antstack,0.0.3,ShaiHulud,KOI
@antstackio/express-graphql-proxy,0.2.8,ShaiHulud,KOI
@antstackio/graphql-body-parser,0.1.1,ShaiHulud,KOI
@antstackio/json-to-graphql,1.0.3,ShaiHulud,KOI
@antstackio/shelbysam,1.1.7,ShaiHulud,KOI
@aryanhussain/my-angular-lib,0.0.23,ShaiHulud,KOI
@asyncapi/avro-schema-parser,3.0.25,ShaiHulud,KOI
@asyncapi/avro-schema-parser,3.0.26,ShaiHulud,KOI
@asyncapi/bundler,0.6.5,ShaiHulud,KOI
@asyncapi/bundler,0.6.6,ShaiHulud,KOI
@asyncapi/cli,4.1.2,ShaiHulud,KOI
@asyncapi/cli,4.1.3,ShaiHulud,KOI
@asyncapi/converter,1.6.3,ShaiHulud,KOI
@asyncapi/converter,1.6.4,ShaiHulud,KOI
@asyncapi/diff,0.5.1,ShaiHulud,KOI
@asyncapi/diff,0.5.2,ShaiHulud,KOI
@asyncapi/dotnet-rabbitmq-template,1.0.1,ShaiHulud,KOI
@asyncapi/dotnet-rabbitmq-template,1.0.2,ShaiHulud,KOI
@asyncapi/edavisualiser,1.2.1,ShaiHulud,KOI
@asyncapi/edavisualiser,1.2.2,ShaiHulud,KOI
@asyncapi/generator,2.8.5,ShaiHulud,KOI
@asyncapi/generator,2.8.6,ShaiHulud,KOI
@asyncapi/generator-components,0.3.2,ShaiHulud,KOI
@asyncapi/generator-components,0.3.3,ShaiHulud,KOI
@asyncapi/generator-helpers,0.2.1,ShaiHulud,KOI
@asyncapi/generator-helpers,0.2.2,ShaiHulud,KOI
@asyncapi/generator-react-sdk,1.1.4,ShaiHulud,KOI
@asyncapi/generator-react-sdk,1.1.5,ShaiHulud,KOI
@asyncapi/go-watermill-template,0.2.76,ShaiHulud,KOI
@asyncapi/go-watermill-template,0.2.77,ShaiHulud,KOI
@asyncapi/html-template,3.3.2,ShaiHulud,KOI
@asyncapi/html-template,3.3.3,ShaiHulud,KOI
@asyncapi/java-spring-cloud-stream-template,0.13.5,ShaiHulud,KOI
@asyncapi/java-spring-cloud-stream-template,0.13.6,ShaiHulud,KOI
@asyncapi/java-spring-template,1.6.1,ShaiHulud,KOI
@asyncapi/java-spring-template,1.6.2,ShaiHulud,KOI
@asyncapi/java-template,0.3.5,ShaiHulud,KOI
@asyncapi/java-template,0.3.6,ShaiHulud,KOI
@asyncapi/keeper,0.0.2,ShaiHulud,KOI
@asyncapi/keeper,0.0.3,ShaiHulud,KOI
@asyncapi/markdown-template,1.6.8,ShaiHulud,KOI
@asyncapi/markdown-template,1.6.9,ShaiHulud,KOI
@asyncapi/modelina,5.10.3,ShaiHulud,KOI
@asyncapi/modelina-cli,5.10.2,ShaiHulud,KOI
@asyncapi/modelina-cli,5.10.3,ShaiHulud,KOI
@asyncapi/multi-parser,2.2.1,ShaiHulud,KOI
@asyncapi/multi-parser,2.2.2,ShaiHulud,KOI
@asyncapi/nodejs-template,3.0.5,ShaiHulud,KOI
@asyncapi/nodejs-template,3.0.6,ShaiHulud,KOI
@asyncapi/nodejs-ws-template,0.10.1,ShaiHulud,KOI
@asyncapi/nodejs-ws-template,0.10.2,ShaiHulud,KOI
@asyncapi/nunjucks-filters,2.1.1,ShaiHulud,KOI
@asyncapi/nunjucks-filters,2.1.2,ShaiHulud,KOI
@asyncapi/openapi-schema-parser,3.0.25,ShaiHulud,KOI
@asyncapi/openapi-schema-parser,3.0.26,ShaiHulud,KOI
@asyncapi/optimizer,1.0.5,ShaiHulud,KOI
@asyncapi/optimizer,1.0.6,ShaiHulud,KOI
@asyncapi/parser,3.4.1,ShaiHulud,KOI
@asyncapi/parser,3.4.2,ShaiHulud,KOI
@asyncapi/php-template,0.1.1,ShaiHulud,KOI
@asyncapi/php-template,0.1.2,ShaiHulud,KOI
@asyncapi/problem,1.0.1,ShaiHulud,KOI
@asyncapi/problem,1.0.2,ShaiHulud,KOI
@asyncapi/protobuf-schema-parser,3.5.2,ShaiHulud,KOI
@asyncapi/protobuf-schema-parser,3.5.3,ShaiHulud,KOI
@asyncapi/protobuf-schema-parser,3.6.1,ShaiHulud,KOI
@asyncapi/python-paho-template,0.2.14,ShaiHulud,KOI
@asyncapi/python-paho-template,0.2.15,ShaiHulud,KOI
@asyncapi/react-component,2.6.6,ShaiHulud,KOI
@asyncapi/react-component,2.6.7,ShaiHulud,KOI
@asyncapi/server-api,0.16.24,ShaiHulud,KOI
@asyncapi/server-api,0.16.25,ShaiHulud,KOI
@asyncapi/specs,6.8.3,ShaiHulud,KOI
@asyncapi/specs,6.9.1,ShaiHulud,KOI
@asyncapi/studio,1.0.2,ShaiHulud,KOI
@asyncapi/studio,1.0.3,ShaiHulud,KOI
@asyncapi/web-component,2.6.6,ShaiHulud,KOI
@asyncapi/web-component,2.6.7,ShaiHulud,KOI
@bdkinc/knex-ibmi,0.5.7,ShaiHulud,KOI
@browserbasehq/bb9,1.2.21,ShaiHulud,KOI
@browserbasehq/director-ai,1.0.3,ShaiHulud,KOI
@browserbasehq/mcp,2.1.1,ShaiHulud,KOI
@browserbasehq/mcp-server-browserbase,2.4.2,ShaiHulud,KOI
@browserbasehq/sdk-functions,0.0.4,ShaiHulud,KOI
@browserbasehq/stagehand,3.0.4,ShaiHulud,KOI
@browserbasehq/stagehand-docs,1.0.1,ShaiHulud,KOI
@caretive/caret-cli,0.0.2,ShaiHulud,KOI
@chtijs/eslint-config,1.0.1,ShaiHulud,KOI
@clausehq/flows-step-httprequest,0.1.14,ShaiHulud,KOI
@clausehq/flows-step-jsontoxml,0.1.14,ShaiHulud,KOI
@clausehq/flows-step-mqtt,0.1.14,ShaiHulud,KOI
@clausehq/flows-step-sendgridemail,0.1.14,ShaiHulud,KOI
@clausehq/flows-step-taskscreateurl,0.1.14,ShaiHulud,KOI
@cllbk/ghl,1.3.1,ShaiHulud,KOI
@commute/bloom,1.0.3,ShaiHulud,KOI
@commute/market-data,1.0.2,ShaiHulud,KOI
@commute/market-data-chartjs,2.3.1,ShaiHulud,KOI
@dev-blinq/ai-qa-logic,1.0.19,ShaiHulud,KOI
@dev-blinq/blinqioclient,1.0.21,ShaiHulud,KOI
@dev-blinq/cucumber-js,1.0.131,ShaiHulud,KOI
@dev-blinq/cucumber_client,1.0.738,ShaiHulud,KOI
@dev-blinq/ui-systems,1.0.93,ShaiHulud,KOI
@ensdomains/address-encoder,1.1.5,ShaiHulud,KOI
@ensdomains/blacklist,1.0.1,ShaiHulud,KOI
@ensdomains/buffer,0.1.2,ShaiHulud,KOI
@ensdomains/ccip-read-cf-worker,0.0.4,ShaiHulud,KOI
@ensdomains/ccip-read-dns-gateway,0.1.1,ShaiHulud,KOI
@ensdomains/ccip-read-router,0.0.7,ShaiHulud,KOI
@ensdomains/ccip-read-worker-viem,0.0.4,ShaiHulud,KOI
@ensdomains/content-hash,3.0.1,ShaiHulud,KOI
@ensdomains/curvearithmetics,1.0.1,ShaiHulud,KOI
@ensdomains/cypress-metamask,1.2.1,ShaiHulud,KOI
@ensdomains/dnsprovejs,0.5.3,ShaiHulud,KOI
@ensdomains/dnssec-oracle-anchors,0.0.2,ShaiHulud,KOI
@ensdomains/dnssecoraclejs,0.2.9,ShaiHulud,KOI
@ensdomains/durin,0.1.2,ShaiHulud,KOI
@ensdomains/durin-middleware,0.0.2,ShaiHulud,KOI
@ensdomains/ens-archived-contracts,0.0.3,ShaiHulud,KOI
@ensdomains/ens-avatar,1.0.4,ShaiHulud,KOI
@ensdomains/ens-contracts,1.6.1,ShaiHulud,KOI
@ensdomains/ens-test-env,1.0.2,ShaiHulud,KOI
@ensdomains/ens-validation,0.1.1,ShaiHulud,KOI
@ensdomains/ensjs,4.0.3,ShaiHulud,KOI
@ensdomains/ensjs-react,0.0.5,ShaiHulud,KOI
@ensdomains/eth-ens-namehash,2.0.16,ShaiHulud,KOI
@ensdomains/hackathon-registrar,1.0.5,ShaiHulud,KOI
@ensdomains/hardhat-chai-matchers-viem,0.1.15,ShaiHulud,KOI
@ensdomains/hardhat-toolbox-viem-extended,0.0.6,ShaiHulud,KOI
@ensdomains/mock,2.1.52,ShaiHulud,KOI
@ensdomains/name-wrapper,1.0.1,ShaiHulud,KOI
@ensdomains/offchain-resolver-contracts,0.2.2,ShaiHulud,KOI
@ensdomains/op-resolver-contracts,0.0.2,ShaiHulud,KOI
@ensdomains/react-ens-address,0.0.32,ShaiHulud,KOI
@ensdomains/renewal,0.0.13,ShaiHulud,KOI
@ensdomains/renewal-widget,0.1.10,ShaiHulud,KOI
@ensdomains/reverse-records,1.0.1,ShaiHulud,KOI
@ensdomains/server-analytics,0.0.2,ShaiHulud,KOI
@ensdomains/solsha1,0.0.4,ShaiHulud,KOI
@ensdomains/subdomain-registrar,0.2.4,ShaiHulud,KOI
@ensdomains/test-utils,1.3.1,ShaiHulud,KOI
@ensdomains/thorin,0.6.51,ShaiHulud,KOI
@ensdomains/ui,3.4.6,ShaiHulud,KOI
@ensdomains/unicode-confusables,0.1.1,ShaiHulud,KOI
@ensdomains/unruggable-gateways,0.0.3,ShaiHulud,KOI
@ensdomains/vite-plugin-i18next-loader,4.0.4,ShaiHulud,KOI
@ensdomains/web3modal,1.10.2,ShaiHulud,KOI
@everreal/react-charts,2.0.2,ShaiHulud,KOI
@everreal/validate-esmoduleinterop-imports,1.4.5,ShaiHulud,KOI
@everreal/web-analytics,0.0.2,ShaiHulud,KOI
@faq-component/core,0.0.4,ShaiHulud,KOI
@faq-component/react,1.0.1,ShaiHulud,KOI
@fishingbooker/browser-sync-plugin,1.0.5,ShaiHulud,KOI
@fishingbooker/react-loader,1.0.7,ShaiHulud,KOI
@fishingbooker/react-pagination,2.0.6,ShaiHulud,KOI
@fishingbooker/react-raty,2.0.1,ShaiHulud,KOI
@fishingbooker/react-swiper,0.1.5,ShaiHulud,KOI
@hapheus/n8n-nodes-pgp,1.5.1,ShaiHulud,KOI
@hover-design/core,0.0.1,ShaiHulud,KOI
@hover-design/react,0.2.1,ShaiHulud,KOI
@huntersofbook/auth-vue,0.4.2,ShaiHulud,KOI
@huntersofbook/core,0.5.1,ShaiHulud,KOI
@huntersofbook/core-nuxt,0.4.2,ShaiHulud,KOI
@huntersofbook/form-naiveui,0.5.1,ShaiHulud,KOI
@huntersofbook/i18n,0.8.2,ShaiHulud,KOI
@huntersofbook/ui,0.5.1,ShaiHulud,KOI
@hyperlook/telemetry-sdk,1.0.19,ShaiHulud,KOI
@ifelsedeveloper/protocol-contracts-svm-idl,0.1.2,ShaiHulud,KOI
@ifelsedeveloper/protocol-contracts-svm-idl,0.1.3,ShaiHulud,KOI
@ifings/design-system,4.9.2,ShaiHulud,KOI
@ifings/metatron3,0.1.5,ShaiHulud,KOI
@jayeshsadhwani/telemetry-sdk,1.0.14,ShaiHulud,KOI
@kvytech/cli,0.0.7,ShaiHulud,KOI
@kvytech/components,0.0.2,ShaiHulud,KOI
@kvytech/habbit-e2e-test,0.0.2,ShaiHulud,KOI
@kvytech/medusa-plugin-announcement,0.0.8,ShaiHulud,KOI
@kvytech/medusa-plugin-management,0.0.5,ShaiHulud,KOI
@kvytech/medusa-plugin-newsletter,0.0.5,ShaiHulud,KOI
@kvytech/medusa-plugin-product-reviews,0.0.9,ShaiHulud,KOI
@kvytech/medusa-plugin-promotion,0.0.2,ShaiHulud,KOI
@kvytech/web,0.0.2,ShaiHulud,KOI
@lessondesk/api-client,9.12.2,ShaiHulud,KOI
@lessondesk/api-client,9.12.3,ShaiHulud,KOI
@lessondesk/babel-preset,1.0.1,ShaiHulud,KOI
@lessondesk/electron-group-api-client,1.0.3,ShaiHulud,KOI
@lessondesk/eslint-config,1.4.2,ShaiHulud,KOI
@lessondesk/material-icons,1.0.3,ShaiHulud,KOI
@lessondesk/react-table-context,2.0.4,ShaiHulud,KOI
@lessondesk/schoolbus,5.2.2,ShaiHulud,KOI
@lessondesk/schoolbus,5.2.3,ShaiHulud,KOI
@livecms/live-edit,0.0.32,ShaiHulud,KOI
@livecms/nuxt-live-edit,1.9.2,ShaiHulud,KOI
@lokeswari-satyanarayanan/rn-zustand-expo-template,1.0.9,ShaiHulud,KOI
@louisle2/core,1.0.1,ShaiHulud,KOI
@louisle2/cortex-js,0.1.6,ShaiHulud,KOI
@lpdjs/firestore-repo-service,1.0.1,ShaiHulud,KOI
@lui-ui/lui-nuxt,0.1.1,ShaiHulud,KOI
@lui-ui/lui-tailwindcss,0.1.2,ShaiHulud,KOI
@lui-ui/lui-vue,1.0.13,ShaiHulud,KOI
@markvivanco/app-version-checker,1.0.2,ShaiHulud,KOI
@mcp-use/cli,2.2.6,ShaiHulud,KOI
@mcp-use/cli,2.2.7,ShaiHulud,KOI
@mcp-use/inspector,0.6.2,ShaiHulud,KOI
@mcp-use/inspector,0.6.3,ShaiHulud,KOI
@mcp-use/mcp-use,1.0.1,ShaiHulud,KOI
@mcp-use/mcp-use,1.0.2,ShaiHulud,KOI
@micado-digital/stadtmarketing-kufstein-external,1.9.1,ShaiHulud,KOI
@ntnx/passport-wso2,0.0.3,ShaiHulud,KOI
@ntnx/t,0.0.101,ShaiHulud,KOI
@oku-ui/accordion,0.6.2,ShaiHulud,KOI
@oku-ui/alert-dialog,0.6.2,ShaiHulud,KOI
@oku-ui/arrow,0.6.2,ShaiHulud,KOI
@oku-ui/aspect-ratio,0.6.2,ShaiHulud,KOI
@oku-ui/avatar,0.6.2,ShaiHulud,KOI
@oku-ui/checkbox,0.6.3,ShaiHulud,KOI
@oku-ui/collapsible,0.6.2,ShaiHulud,KOI
@oku-ui/collection,0.6.2,ShaiHulud,KOI
@oku-ui/dialog,0.6.2,ShaiHulud,KOI
@oku-ui/direction,0.6.2,ShaiHulud,KOI
@oku-ui/dismissable-layer,0.6.2,ShaiHulud,KOI
@oku-ui/focus-guards,0.6.2,ShaiHulud,KOI
@oku-ui/focus-scope,0.6.2,ShaiHulud,KOI
@oku-ui/hover-card,0.6.2,ShaiHulud,KOI
@oku-ui/label,0.6.2,ShaiHulud,KOI
@oku-ui/menu,0.6.2,ShaiHulud,KOI
@oku-ui/motion,0.4.4,ShaiHulud,KOI
@oku-ui/motion-nuxt,0.2.2,ShaiHulud,KOI
@oku-ui/popover,0.6.2,ShaiHulud,KOI
@oku-ui/popper,0.6.2,ShaiHulud,KOI
@oku-ui/portal,0.6.2,ShaiHulud,KOI
@oku-ui/presence,0.6.2,ShaiHulud,KOI
@oku-ui/primitive,0.6.2,ShaiHulud,KOI
@oku-ui/primitives,0.7.9,ShaiHulud,KOI
@oku-ui/primitives-nuxt,0.3.1,ShaiHulud,KOI
@oku-ui/progress,0.6.2,ShaiHulud,KOI
@oku-ui/provide,0.6.2,ShaiHulud,KOI
@oku-ui/radio-group,0.6.2,ShaiHulud,KOI
@oku-ui/roving-focus,0.6.2,ShaiHulud,KOI
@oku-ui/scroll-area,0.6.2,ShaiHulud,KOI
@oku-ui/separator,0.6.2,ShaiHulud,KOI
@oku-ui/slider,0.6.2,ShaiHulud,KOI
@oku-ui/slot,0.6.2,ShaiHulud,KOI
@oku-ui/switch,0.6.2,ShaiHulud,KOI
@oku-ui/tabs,0.6.2,ShaiHulud,KOI
@oku-ui/toast,0.6.2,ShaiHulud,KOI
@oku-ui/toggle,0.6.2,ShaiHulud,KOI
@oku-ui/toggle-group,0.6.2,ShaiHulud,KOI
@oku-ui/toolbar,0.6.2,ShaiHulud,KOI
@oku-ui/tooltip,0.6.2,ShaiHulud,KOI
@oku-ui/use-composable,0.6.2,ShaiHulud,KOI
@oku-ui/utils,0.6.2,ShaiHulud,KOI
@oku-ui/visually-hidden,0.6.2,ShaiHulud,KOI
@orbitgtbelgium/mapbox-gl-draw-cut-polygon-mode,2.0.5,ShaiHulud,KOI
@orbitgtbelgium/mapbox-gl-draw-scale-rotate-mode,1.1.1,ShaiHulud,KOI
@orbitgtbelgium/orbit-components,1.2.9,ShaiHulud,KOI
@orbitgtbelgium/time-slider,1.0.187,ShaiHulud,KOI
@osmanekrem/bmad,1.0.6,ShaiHulud,KOI
@osmanekrem/error-handler,1.2.2,ShaiHulud,KOI
@pergel/cli,0.11.1,ShaiHulud,KOI
@pergel/module-box,0.6.1,ShaiHulud,KOI
@pergel/module-graphql,0.6.1,ShaiHulud,KOI
@pergel/module-ui,0.0.9,ShaiHulud,KOI
@pergel/nuxt,0.25.5,ShaiHulud,KOI
@posthog/agent,1.24.1,ShaiHulud,KOI
@posthog/ai,7.1.2,ShaiHulud,KOI
@posthog/automatic-cohorts-plugin,0.0.8,ShaiHulud,KOI
@posthog/bitbucket-release-tracker,0.0.8,ShaiHulud,KOI
@posthog/cli,0.5.15,ShaiHulud,KOI
@posthog/clickhouse,1.7.1,ShaiHulud,KOI
@posthog/core,1.5.6,ShaiHulud,KOI
@posthog/currency-normalization-plugin,0.0.8,ShaiHulud,KOI
@posthog/customerio-plugin,0.0.8,ShaiHulud,KOI
@posthog/databricks-plugin,0.0.8,ShaiHulud,KOI
@posthog/drop-events-on-property-plugin,0.0.8,ShaiHulud,KOI
@posthog/event-sequence-timer-plugin,0.0.8,ShaiHulud,KOI
@posthog/filter-out-plugin,0.0.8,ShaiHulud,KOI
@posthog/first-time-event-tracker,0.0.8,ShaiHulud,KOI
@posthog/geoip-plugin,0.0.8,ShaiHulud,KOI
@posthog/github-release-tracking-plugin,0.0.8,ShaiHulud,KOI
@posthog/gitub-star-sync-plugin,0.0.8,ShaiHulud,KOI
@posthog/heartbeat-plugin,0.0.8,ShaiHulud,KOI
@posthog/hedgehog-mode,0.0.42,ShaiHulud,KOI
@posthog/icons,0.36.1,ShaiHulud,KOI
@posthog/ingestion-alert-plugin,0.0.8,ShaiHulud,KOI
@posthog/intercom-plugin,0.0.8,ShaiHulud,KOI
@posthog/kinesis-plugin,0.0.8,ShaiHulud,KOI
@posthog/laudspeaker-plugin,0.0.8,ShaiHulud,KOI
@posthog/lemon-ui,0.0.1,ShaiHulud,KOI
@posthog/maxmind-plugin,0.1.6,ShaiHulud,KOI
@posthog/migrator3000-plugin,0.0.8,ShaiHulud,KOI
@posthog/netdata-event-processing,0.0.8,ShaiHulud,KOI
@posthog/nextjs,0.0.3,ShaiHulud,KOI
@posthog/nextjs-config,1.5.1,ShaiHulud,KOI
@posthog/nuxt,1.2.9,ShaiHulud,KOI
@posthog/pagerduty-plugin,0.0.8,ShaiHulud,KOI
@posthog/piscina,3.2.1,ShaiHulud,KOI
@posthog/plugin-contrib,0.0.6,ShaiHulud,KOI
@posthog/plugin-server,1.10.8,ShaiHulud,KOI
@posthog/plugin-unduplicates,0.0.8,ShaiHulud,KOI
@posthog/postgres-plugin,0.0.8,ShaiHulud,KOI
@posthog/react-rrweb-player,1.1.4,ShaiHulud,KOI
@posthog/rrdom,0.0.31,ShaiHulud,KOI
@posthog/rrweb,0.0.31,ShaiHulud,KOI
@posthog/rrweb-player,0.0.31,ShaiHulud,KOI
@posthog/rrweb-record,0.0.31,ShaiHulud,KOI
@posthog/rrweb-replay,0.0.19,ShaiHulud,KOI
@posthog/rrweb-snapshot,0.0.31,ShaiHulud,KOI
@posthog/rrweb-utils,0.0.31,ShaiHulud,KOI
@posthog/sendgrid-plugin,0.0.8,ShaiHulud,KOI
@posthog/siphash,1.1.2,ShaiHulud,KOI
@posthog/snowflake-export-plugin,0.0.8,ShaiHulud,KOI
@posthog/taxonomy-plugin,0.0.8,ShaiHulud,KOI
@posthog/twilio-plugin,0.0.8,ShaiHulud,KOI
@posthog/twitter-followers-plugin,0.0.8,ShaiHulud,KOI
@posthog/url-normalizer-plugin,0.0.8,ShaiHulud,KOI
@posthog/variance-plugin,0.0.8,ShaiHulud,KOI
@posthog/web-dev-server,1.0.5,ShaiHulud,KOI
@posthog/wizard,1.18.1,ShaiHulud,KOI
@posthog/zendesk-plugin,0.0.8,ShaiHulud,KOI
@postman/csv-parse,4.0.3,ShaiHulud,KOI
@postman/csv-parse,4.0.5,ShaiHulud,KOI
@postman/final-node-keytar,7.9.1,ShaiHulud,KOI
@postman/final-node-keytar,7.9.2,ShaiHulud,KOI
@postman/final-node-keytar,7.9.3,ShaiHulud,KOI
@postman/mcp-ui-client,5.5.1,ShaiHulud,KOI
@postman/mcp-ui-client,5.5.3,ShaiHulud,KOI
@postman/node-keytar,7.9.4,ShaiHulud,KOI
@postman/node-keytar,7.9.6,ShaiHulud,KOI
@postman/pm-bin-linux-x64,1.24.3,ShaiHulud,KOI
@postman/pm-bin-linux-x64,1.24.4,ShaiHulud,KOI
@postman/pm-bin-linux-x64,1.24.5,ShaiHulud,KOI
@postman/pm-bin-macos-arm64,1.24.3,ShaiHulud,KOI
@postman/pm-bin-macos-arm64,1.24.5,ShaiHulud,KOI
@postman/pm-bin-macos-x64,1.24.3,ShaiHulud,KOI
@postman/pm-bin-macos-x64,1.24.5,ShaiHulud,KOI
@postman/pm-bin-windows-x64,1.24.3,ShaiHulud,KOI
@postman/pm-bin-windows-x64,1.24.5,ShaiHulud,KOI
@postman/postman-collection-fork,4.3.3,ShaiHulud,KOI
@postman/postman-collection-fork,4.3.5,ShaiHulud,KOI
@postman/postman-mcp-cli,1.0.3,ShaiHulud,KOI
@postman/postman-mcp-cli,1.0.4,ShaiHulud,KOI
@postman/postman-mcp-cli,1.0.5,ShaiHulud,KOI
@postman/postman-mcp-server,2.4.10,ShaiHulud,KOI
@postman/postman-mcp-server,2.4.12,ShaiHulud,KOI
@postman/pretty-ms,6.1.1,ShaiHulud,KOI
@postman/pretty-ms,6.1.2,ShaiHulud,KOI
@postman/pretty-ms,6.1.3,ShaiHulud,KOI
@postman/secret-scanner-wasm,2.1.3,ShaiHulud,KOI
@postman/secret-scanner-wasm,2.1.4,ShaiHulud,KOI
@postman/tunnel-agent,0.6.5,ShaiHulud,KOI
@postman/tunnel-agent,0.6.7,ShaiHulud,KOI
@postman/wdio-allure-reporter,0.0.7,ShaiHulud,KOI
@postman/wdio-allure-reporter,0.0.9,ShaiHulud,KOI
@postman/wdio-junit-reporter,0.0.4,ShaiHulud,KOI
@postman/wdio-junit-reporter,0.0.5,ShaiHulud,KOI
@postman/wdio-junit-reporter,0.0.6,ShaiHulud,KOI
@pradhumngautam/common-app,1.0.2,ShaiHulud,KOI
@productdevbook/animejs-vue,0.2.1,ShaiHulud,KOI
@productdevbook/auth,0.2.2,ShaiHulud,KOI
@productdevbook/chatwoot,2.0.1,ShaiHulud,KOI
@productdevbook/motion,1.0.4,ShaiHulud,KOI
@productdevbook/ts-i18n,1.4.2,ShaiHulud,KOI
@pruthvi21/use-debounce,1.0.3,ShaiHulud,KOI
@quick-start-soft/quick-document-translator,1.4.2511142126,ShaiHulud,KOI
@quick-start-soft/quick-git-clean-markdown,1.4.2511142126,ShaiHulud,KOI
@quick-start-soft/quick-markdown,1.4.2511142126,ShaiHulud,KOI
@quick-start-soft/quick-markdown-compose,1.4.2506300029,ShaiHulud,KOI
@quick-start-soft/quick-markdown-image,1.4.2511142126,ShaiHulud,KOI
@quick-start-soft/quick-markdown-print,1.4.2511142126,ShaiHulud,KOI
@quick-start-soft/quick-markdown-translator,1.4.2509202331,ShaiHulud,KOI
@quick-start-soft/quick-remove-image-background,1.4.2511142126,ShaiHulud,KOI
@quick-start-soft/quick-task-refine,1.4.2511142126,ShaiHulud,KOI
@relyt/claude-context-core,0.1.1,ShaiHulud,KOI
@relyt/claude-context-mcp,0.1.1,ShaiHulud,KOI
@sameepsi/sor,1.0.3,ShaiHulud,KOI
@sameepsi/sor2,2.0.2,ShaiHulud,KOI
@seezo/sdr-mcp-server,0.0.5,ShaiHulud,KOI
@seung-ju/next,0.0.2,ShaiHulud,KOI
@seung-ju/openapi-generator,0.0.4,ShaiHulud,KOI
@seung-ju/react-hooks,0.0.2,ShaiHulud,KOI
@seung-ju/react-native-action-sheet,0.2.1,ShaiHulud,KOI
@silgi/better-auth,0.8.1,ShaiHulud,KOI
@silgi/drizzle,0.8.4,ShaiHulud,KOI
@silgi/ecosystem,0.7.6,ShaiHulud,KOI
@silgi/graphql,0.7.15,ShaiHulud,KOI
@silgi/module-builder,0.8.8,ShaiHulud,KOI
@silgi/openapi,0.7.4,ShaiHulud,KOI
@silgi/permission,0.6.8,ShaiHulud,KOI
@silgi/ratelimit,0.2.1,ShaiHulud,KOI
@silgi/scalar,0.6.2,ShaiHulud,KOI
@silgi/yoga,0.7.1,ShaiHulud,KOI
@sme-ui/aoma-vevasound-metadata-lib,0.1.3,ShaiHulud,KOI
@strapbuild/react-native-date-time-picker,2.0.4,ShaiHulud,KOI
@strapbuild/react-native-perspective-image-cropper,0.4.15,ShaiHulud,KOI
@strapbuild/react-native-perspective-image-cropper-2,0.4.7,ShaiHulud,KOI
@strapbuild/react-native-perspective-image-cropper-poojan31,0.4.6,ShaiHulud,KOI
@suraj_h/medium-common,1.0.5,ShaiHulud,KOI
@thedelta/eslint-config,1.0.2,ShaiHulud,KOI
@tiaanduplessis/json,2.0.2,ShaiHulud,KOI
@tiaanduplessis/json,2.0.3,ShaiHulud,KOI
@tiaanduplessis/react-progressbar,1.0.1,ShaiHulud,KOI
@tiaanduplessis/react-progressbar,1.0.2,ShaiHulud,KOI
@trackstar/angular-trackstar-link,1.0.2,ShaiHulud,KOI
@trackstar/react-trackstar-link,2.0.21,ShaiHulud,KOI
@trackstar/react-trackstar-link-upgrade,1.1.10,ShaiHulud,KOI
@trackstar/test-angular-package,0.0.9,ShaiHulud,KOI
@trackstar/test-package,1.1.5,ShaiHulud,KOI
@trefox/sleekshop-js,0.1.6,ShaiHulud,KOI
@trigo/atrix,7.0.1,ShaiHulud,KOI
@trigo/atrix-acl,4.0.2,ShaiHulud,KOI
@trigo/atrix-elasticsearch,2.0.1,ShaiHulud,KOI
@trigo/atrix-mongoose,1.0.2,ShaiHulud,KOI
@trigo/atrix-orientdb,1.0.2,ShaiHulud,KOI
@trigo/atrix-postgres,1.0.3,ShaiHulud,KOI
@trigo/atrix-pubsub,4.0.3,ShaiHulud,KOI
@trigo/atrix-redis,1.0.2,ShaiHulud,KOI
@trigo/atrix-soap,1.0.2,ShaiHulud,KOI
@trigo/atrix-swagger,3.0.1,ShaiHulud,KOI
@trigo/bool-expressions,4.1.3,ShaiHulud,KOI
@trigo/eslint-config-trigo,3.3.1,ShaiHulud,KOI
@trigo/fsm,3.4.2,ShaiHulud,KOI
@trigo/hapi-auth-signedlink,1.3.1,ShaiHulud,KOI
@trigo/jsdt,0.2.1,ShaiHulud,KOI
@trigo/keycloak-api,1.3.1,ShaiHulud,KOI
@trigo/node-soap,0.5.4,ShaiHulud,KOI
@trigo/pathfinder-ui-css,0.1.1,ShaiHulud,KOI
@trigo/trigo-hapijs,5.0.1,ShaiHulud,KOI
@trpc-rate-limiter/cloudflare,0.1.4,ShaiHulud,KOI
@trpc-rate-limiter/hono,0.1.4,ShaiHulud,KOI
@varsityvibe/api-client,1.3.36,ShaiHulud,KOI
@varsityvibe/api-client,1.3.37,ShaiHulud,KOI
@varsityvibe/utils,5.0.6,ShaiHulud,KOI
@varsityvibe/validation-schemas,0.6.7,ShaiHulud,KOI
@varsityvibe/validation-schemas,0.6.8,ShaiHulud,KOI
@viapip/eslint-config,0.2.4,ShaiHulud,KOI
@vishadtyagi/full-year-calendar,0.1.11,ShaiHulud,KOI
@voiceflow/alexa-types,2.15.61,ShaiHulud,KOI
@voiceflow/anthropic,0.4.4,ShaiHulud,KOI
@voiceflow/anthropic,0.4.5,ShaiHulud,KOI
@voiceflow/api-sdk,3.28.59,ShaiHulud,KOI
@voiceflow/backend-utils,5.0.1,ShaiHulud,KOI
@voiceflow/backend-utils,5.0.2,ShaiHulud,KOI
@voiceflow/base-types,2.136.2,ShaiHulud,KOI
@voiceflow/base-types,2.136.3,ShaiHulud,KOI
@voiceflow/body-parser,1.21.2,ShaiHulud,KOI
@voiceflow/body-parser,1.21.3,ShaiHulud,KOI
@voiceflow/chat-types,2.14.58,ShaiHulud,KOI
@voiceflow/chat-types,2.14.59,ShaiHulud,KOI
@voiceflow/circleci-config-sdk-orb-import,0.2.1,ShaiHulud,KOI
@voiceflow/circleci-config-sdk-orb-import,0.2.2,ShaiHulud,KOI
@voiceflow/commitlint-config,2.6.1,ShaiHulud,KOI
@voiceflow/common,8.9.1,ShaiHulud,KOI
@voiceflow/common,8.9.2,ShaiHulud,KOI
@voiceflow/default-prompt-wrappers,1.7.3,ShaiHulud,KOI
@voiceflow/default-prompt-wrappers,1.7.4,ShaiHulud,KOI
@voiceflow/dependency-cruiser-config,1.8.11,ShaiHulud,KOI
@voiceflow/dependency-cruiser-config,1.8.12,ShaiHulud,KOI
@voiceflow/dtos-interact,1.40.1,ShaiHulud,KOI
@voiceflow/dtos-interact,1.40.2,ShaiHulud,KOI
@voiceflow/encryption,0.3.2,ShaiHulud,KOI
@voiceflow/encryption,0.3.3,ShaiHulud,KOI
@voiceflow/eslint-config,7.16.4,ShaiHulud,KOI
@voiceflow/eslint-config,7.16.5,ShaiHulud,KOI
@voiceflow/eslint-plugin,1.6.1,ShaiHulud,KOI
@voiceflow/eslint-plugin,1.6.2,ShaiHulud,KOI
@voiceflow/exception,1.10.1,ShaiHulud,KOI
@voiceflow/exception,1.10.2,ShaiHulud,KOI
@voiceflow/fetch,1.11.1,ShaiHulud,KOI
@voiceflow/fetch,1.11.2,ShaiHulud,KOI
@voiceflow/general-types,3.2.22,ShaiHulud,KOI
@voiceflow/general-types,3.2.23,ShaiHulud,KOI
@voiceflow/git-branch-check,1.4.3,ShaiHulud,KOI
@voiceflow/google-dfes-types,2.17.12,ShaiHulud,KOI
@voiceflow/google-dfes-types,2.17.13,ShaiHulud,KOI
@voiceflow/google-types,2.21.13,ShaiHulud,KOI
@voiceflow/husky-config,1.3.1,ShaiHulud,KOI
@voiceflow/logger,2.4.2,ShaiHulud,KOI
@voiceflow/logger,2.4.3,ShaiHulud,KOI
@voiceflow/metrics,1.5.1,ShaiHulud,KOI
@voiceflow/metrics,1.5.2,ShaiHulud,KOI
@voiceflow/natural-language-commander,0.5.2,ShaiHulud,KOI
@voiceflow/natural-language-commander,0.5.3,ShaiHulud,KOI
@voiceflow/nestjs-common,2.75.2,ShaiHulud,KOI
@voiceflow/nestjs-common,2.75.3,ShaiHulud,KOI
@voiceflow/nestjs-mongodb,1.3.1,ShaiHulud,KOI
@voiceflow/nestjs-mongodb,1.3.2,ShaiHulud,KOI
@voiceflow/nestjs-rate-limit,1.3.2,ShaiHulud,KOI
@voiceflow/nestjs-rate-limit,1.3.3,ShaiHulud,KOI
@voiceflow/nestjs-redis,1.3.1,ShaiHulud,KOI
@voiceflow/nestjs-redis,1.3.2,ShaiHulud,KOI
@voiceflow/nestjs-timeout,1.3.1,ShaiHulud,KOI
@voiceflow/npm-package-json-lint-config,1.1.1,ShaiHulud,KOI
@voiceflow/openai,3.2.2,ShaiHulud,KOI
@voiceflow/openai,3.2.3,ShaiHulud,KOI
@voiceflow/pino,6.11.3,ShaiHulud,KOI
@voiceflow/pino,6.11.4,ShaiHulud,KOI
@voiceflow/pino-pretty,4.4.1,ShaiHulud,KOI
@voiceflow/pino-pretty,4.4.2,ShaiHulud,KOI
@voiceflow/prettier-config,1.10.1,ShaiHulud,KOI
@voiceflow/react-chat,1.65.4,ShaiHulud,KOI
@voiceflow/runtime,1.29.1,ShaiHulud,KOI
@voiceflow/runtime,1.29.2,ShaiHulud,KOI
@voiceflow/runtime-client-js,1.17.2,ShaiHulud,KOI
@voiceflow/runtime-client-js,1.17.3,ShaiHulud,KOI
@voiceflow/sdk-runtime,1.43.1,ShaiHulud,KOI
@voiceflow/sdk-runtime,1.43.2,ShaiHulud,KOI
@voiceflow/secrets-provider,1.9.2,ShaiHulud,KOI
@voiceflow/semantic-release-config,1.4.1,ShaiHulud,KOI
@voiceflow/serverless-plugin-typescript,2.1.7,ShaiHulud,KOI
@voiceflow/serverless-plugin-typescript,2.1.8,ShaiHulud,KOI
@voiceflow/slate-serializer,1.7.3,ShaiHulud,KOI
@voiceflow/slate-serializer,1.7.4,ShaiHulud,KOI
@voiceflow/stitches-react,2.3.2,ShaiHulud,KOI
@voiceflow/stitches-react,2.3.3,ShaiHulud,KOI
@voiceflow/storybook-config,1.2.2,ShaiHulud,KOI
@voiceflow/storybook-config,1.2.3,ShaiHulud,KOI
@voiceflow/stylelint-config,1.1.1,ShaiHulud,KOI
@voiceflow/test-common,2.1.1,ShaiHulud,KOI
@voiceflow/test-common,2.1.2,ShaiHulud,KOI
@voiceflow/tsconfig,1.12.1,ShaiHulud,KOI
@voiceflow/tsconfig-paths,1.1.4,ShaiHulud,KOI
@voiceflow/tsconfig-paths,1.1.5,ShaiHulud,KOI
@voiceflow/utils-designer,1.74.20,ShaiHulud,KOI
@voiceflow/verror,1.1.4,ShaiHulud,KOI
@voiceflow/vite-config,2.6.2,ShaiHulud,KOI
@voiceflow/vite-config,2.6.3,ShaiHulud,KOI
@voiceflow/vitest-config,1.10.2,ShaiHulud,KOI
@voiceflow/vitest-config,1.10.3,ShaiHulud,KOI
@voiceflow/voice-types,2.10.58,ShaiHulud,KOI
@voiceflow/voice-types,2.10.59,ShaiHulud,KOI
@voiceflow/voiceflow-types,3.32.45,ShaiHulud,KOI
@voiceflow/voiceflow-types,3.32.46,ShaiHulud,KOI
@voiceflow/widget,1.7.18,ShaiHulud,KOI
@voiceflow/widget,1.7.19,ShaiHulud,KOI
@vucod/email,0.0.3,ShaiHulud,KOI
@zapier/ai-actions,0.1.18,ShaiHulud,KOI
@zapier/ai-actions,0.1.19,ShaiHulud,KOI
@zapier/ai-actions,0.1.20,ShaiHulud,KOI
@zapier/ai-actions-react,0.1.12,ShaiHulud,KOI
@zapier/ai-actions-react,0.1.13,ShaiHulud,KOI
@zapier/ai-actions-react,0.1.14,ShaiHulud,KOI
@zapier/babel-preset-zapier,6.4.1,ShaiHulud,KOI
@zapier/babel-preset-zapier,6.4.2,ShaiHulud,KOI
@zapier/babel-preset-zapier,6.4.3,ShaiHulud,KOI
@zapier/browserslist-config-zapier,1.0.3,ShaiHulud,KOI
@zapier/browserslist-config-zapier,1.0.4,ShaiHulud,KOI
@zapier/browserslist-config-zapier,1.0.5,ShaiHulud,KOI
@zapier/eslint-plugin-zapier,11.0.3,ShaiHulud,KOI
@zapier/eslint-plugin-zapier,11.0.4,ShaiHulud,KOI
@zapier/eslint-plugin-zapier,11.0.5,ShaiHulud,KOI
@zapier/mcp-integration,3.0.1,ShaiHulud,KOI
@zapier/mcp-integration,3.0.2,ShaiHulud,KOI
@zapier/mcp-integration,3.0.3,ShaiHulud,KOI
@zapier/secret-scrubber,1.1.3,ShaiHulud,KOI
@zapier/secret-scrubber,1.1.4,ShaiHulud,KOI
@zapier/secret-scrubber,1.1.5,ShaiHulud,KOI
@zapier/spectral-api-ruleset,1.9.1,ShaiHulud,KOI
@zapier/spectral-api-ruleset,1.9.2,ShaiHulud,KOI
@zapier/spectral-api-ruleset,1.9.3,ShaiHulud,KOI
@zapier/stubtree,0.1.2,ShaiHulud,KOI
@zapier/stubtree,0.1.3,ShaiHulud,KOI
@zapier/stubtree,0.1.4,ShaiHulud,KOI
@zapier/zapier-sdk,0.15.5,ShaiHulud,KOI
@zapier/zapier-sdk,0.15.6,ShaiHulud,KOI
@zapier/zapier-sdk,0.15.7,ShaiHulud,KOI
ai-crowl-shield,1.0.7,ShaiHulud,KOI
arc-cli-fc,1.0.1,ShaiHulud,KOI
asciitranslator,1.0.3,ShaiHulud,KOI
asyncapi-preview,1.0.1,ShaiHulud,KOI
asyncapi-preview,1.0.2,ShaiHulud,KOI
atrix,1.0.1,ShaiHulud,KOI
atrix-mongoose,1.0.1,ShaiHulud,KOI
automation_model,1.0.491,ShaiHulud,KOI
avvvatars-vue,1.1.2,ShaiHulud,KOI
axios-builder,1.2.1,ShaiHulud,KOI
axios-cancelable,1.0.1,ShaiHulud,KOI
axios-cancelable,1.0.2,ShaiHulud,KOI
axios-timed,1.0.1,ShaiHulud,KOI
axios-timed,1.0.2,ShaiHulud,KOI
barebones-css,1.1.3,ShaiHulud,KOI
barebones-css,1.1.4,ShaiHulud,KOI
benmostyn-frame-print,1.0.1,ShaiHulud,KOI
best_gpio_controller,1.0.10,ShaiHulud,KOI
better-auth-nuxt,0.0.10,ShaiHulud,KOI
bidirectional-adapter,1.2.2,ShaiHulud,KOI
bidirectional-adapter,1.2.3,ShaiHulud,KOI
bidirectional-adapter,1.2.4,ShaiHulud,KOI
bidirectional-adapter,1.2.5,ShaiHulud,KOI
blinqio-executions-cli,1.0.41,ShaiHulud,KOI
blob-to-base64,1.0.3,ShaiHulud,KOI
bool-expressions,0.1.2,ShaiHulud,KOI
buffered-interpolation-babylon6,0.2.8,ShaiHulud,KOI
bun-plugin-httpfile,0.1.1,ShaiHulud,KOI
bytecode-checker-cli,1.0.10,ShaiHulud,KOI
bytecode-checker-cli,1.0.11,ShaiHulud,KOI
bytecode-checker-cli,1.0.8,ShaiHulud,KOI
bytecode-checker-cli,1.0.9,ShaiHulud,KOI
bytes-to-x,1.0.1,ShaiHulud,KOI
calc-loan-interest,1.0.4,ShaiHulud,KOI
capacitor-plugin-apptrackingios,0.0.21,ShaiHulud,KOI
capacitor-plugin-purchase,0.1.1,ShaiHulud,KOI
capacitor-plugin-scgssigninwithgoogle,0.0.5,ShaiHulud,KOI
capacitor-purchase-history,0.0.10,ShaiHulud,KOI
capacitor-voice-recorder-wav,6.0.3,ShaiHulud,KOI
ceviz,0.0.5,ShaiHulud,KOI
chrome-extension-downloads,0.0.3,ShaiHulud,KOI
chrome-extension-downloads,0.0.4,ShaiHulud,KOI
claude-token-updater,1.0.3,ShaiHulud,KOI
coinmarketcap-api,3.1.2,ShaiHulud,KOI
coinmarketcap-api,3.1.3,ShaiHulud,KOI
colors-regex,2.0.1,ShaiHulud,KOI
command-irail,0.5.4,ShaiHulud,KOI
compare-obj,1.1.1,ShaiHulud,KOI
compare-obj,1.1.2,ShaiHulud,KOI
composite-reducer,1.0.2,ShaiHulud,KOI
composite-reducer,1.0.3,ShaiHulud,KOI
composite-reducer,1.0.4,ShaiHulud,KOI
composite-reducer,1.0.5,ShaiHulud,KOI
count-it-down,1.0.1,ShaiHulud,KOI
count-it-down,1.0.2,ShaiHulud,KOI
cpu-instructions,0.0.14,ShaiHulud,KOI
create-director-app,0.1.1,ShaiHulud,KOI
create-glee-app,0.2.2,ShaiHulud,KOI
create-glee-app,0.2.3,ShaiHulud,KOI
create-hardhat3-app,1.1.1,ShaiHulud,KOI
create-hardhat3-app,1.1.2,ShaiHulud,KOI
create-hardhat3-app,1.1.3,ShaiHulud,KOI
create-hardhat3-app,1.1.4,ShaiHulud,KOI
create-mcp-use-app,0.5.3,ShaiHulud,KOI
create-mcp-use-app,0.5.4,ShaiHulud,KOI
create-silgi,0.3.1,ShaiHulud,KOI
crypto-addr-codec,0.1.9,ShaiHulud,KOI
css-dedoupe,0.1.2,ShaiHulud,KOI
csv-tool-cli,1.2.1,ShaiHulud,KOI
dashboard-empty-state,1.0.3,ShaiHulud,KOI
designstudiouiux,1.0.1,ShaiHulud,KOI
devstart-cli,1.0.6,ShaiHulud,KOI
dialogflow-es,1.1.2,ShaiHulud,KOI
dialogflow-es,1.1.3,ShaiHulud,KOI
dialogflow-es,1.1.4,ShaiHulud,KOI
discord-bot-server,0.1.2,ShaiHulud,KOI
docusaurus-plugin-vanilla-extract,1.0.3,ShaiHulud,KOI
dont-go,1.1.2,ShaiHulud,KOI
dotnet-template,0.0.3,ShaiHulud,KOI
dotnet-template,0.0.4,ShaiHulud,KOI
drop-events-on-property-plugin,0.0.2,ShaiHulud,KOI
easypanel-sdk,0.3.2,ShaiHulud,KOI
email-deliverability-tester,1.1.1,ShaiHulud,KOI
enforce-branch-name,1.1.3,ShaiHulud,KOI
esbuild-plugin-brotli,0.2.1,ShaiHulud,KOI
esbuild-plugin-eta,0.1.1,ShaiHulud,KOI
esbuild-plugin-httpfile,0.4.1,ShaiHulud,KOI
eslint-config-nitpicky,4.0.1,ShaiHulud,KOI
eslint-config-trigo,22.0.2,ShaiHulud,KOI
eslint-config-zeallat-base,1.0.4,ShaiHulud,KOI
ethereum-ens,0.8.1,ShaiHulud,KOI
evm-checkcode-cli,1.0.12,ShaiHulud,KOI
evm-checkcode-cli,1.0.13,ShaiHulud,KOI
evm-checkcode-cli,1.0.14,ShaiHulud,KOI
evm-checkcode-cli,1.0.15,ShaiHulud,KOI
exact-ticker,0.3.5,ShaiHulud,KOI
expo-audio-session,0.2.1,ShaiHulud,KOI
expo-router-on-rails,0.0.4,ShaiHulud,KOI
express-starter-template,1.0.10,ShaiHulud,KOI
expressos,1.1.3,ShaiHulud,KOI
fat-fingered,1.0.1,ShaiHulud,KOI
fat-fingered,1.0.2,ShaiHulud,KOI
feature-flip,1.0.1,ShaiHulud,KOI
feature-flip,1.0.2,ShaiHulud,KOI
firestore-search-engine,1.2.3,ShaiHulud,KOI
fittxt,1.0.2,ShaiHulud,KOI
fittxt,1.0.3,ShaiHulud,KOI
flapstacks,1.0.1,ShaiHulud,KOI
flapstacks,1.0.2,ShaiHulud,KOI
flatten-unflatten,1.0.1,ShaiHulud,KOI
flatten-unflatten,1.0.2,ShaiHulud,KOI
formik-error-focus,2.0.1,ShaiHulud,KOI
formik-store,1.0.1,ShaiHulud,KOI
frontity-starter-theme,1.0.1,ShaiHulud,KOI
fuzzy-finder,1.0.5,ShaiHulud,KOI
fuzzy-finder,1.0.6,ShaiHulud,KOI
gate-evm-check-code2,2.0.3,ShaiHulud,KOI
gate-evm-check-code2,2.0.4,ShaiHulud,KOI
gate-evm-check-code2,2.0.5,ShaiHulud,KOI
gate-evm-check-code2,2.0.6,ShaiHulud,KOI
gate-evm-tools-test,1.0.5,ShaiHulud,KOI
gate-evm-tools-test,1.0.6,ShaiHulud,KOI
gate-evm-tools-test,1.0.7,ShaiHulud,KOI
gate-evm-tools-test,1.0.8,ShaiHulud,KOI
gatsby-plugin-antd,2.2.1,ShaiHulud,KOI
gatsby-plugin-cname,1.0.1,ShaiHulud,KOI
gatsby-plugin-cname,1.0.2,ShaiHulud,KOI
generator-meteor-stock,0.1.6,ShaiHulud,KOI
generator-ng-itobuz,0.0.15,ShaiHulud,KOI
get-them-args,1.3.3,ShaiHulud,KOI
github-action-for-generator,2.1.27,ShaiHulud,KOI
github-action-for-generator,2.1.28,ShaiHulud,KOI
gitsafe,1.0.5,ShaiHulud,KOI
go-template,0.1.8,ShaiHulud,KOI
go-template,0.1.9,ShaiHulud,KOI
gulp-inject-envs,1.2.1,ShaiHulud,KOI
gulp-inject-envs,1.2.2,ShaiHulud,KOI
haufe-axera-api-client,0.0.2,ShaiHulud,KOI
hope-mapboxdraw,0.1.1,ShaiHulud,KOI
hopedraw,1.0.3,ShaiHulud,KOI
hover-design-prototype,0.0.5,ShaiHulud,KOI
httpness,1.0.2,ShaiHulud,KOI
httpness,1.0.3,ShaiHulud,KOI
hyper-fullfacing,1.0.3,ShaiHulud,KOI
hyperterm-hipster,1.0.7,ShaiHulud,KOI
ids-css,1.5.1,ShaiHulud,KOI
ids-enterprise-mcp-server,0.0.2,ShaiHulud,KOI
ids-enterprise-typings,20.1.6,ShaiHulud,KOI
image-to-uri,1.0.1,ShaiHulud,KOI
image-to-uri,1.0.2,ShaiHulud,KOI
insomnia-plugin-random-pick,1.0.4,ShaiHulud,KOI
invo,0.2.2,ShaiHulud,KOI
iron-shield-miniapp,0.0.2,ShaiHulud,KOI
ito-button,8.0.3,ShaiHulud,KOI
itobuz-angular,0.0.1,ShaiHulud,KOI
itobuz-angular-auth,8.0.11,ShaiHulud,KOI
itobuz-angular-button,8.0.11,ShaiHulud,KOI
jacob-zuma,1.0.1,ShaiHulud,KOI
jacob-zuma,1.0.2,ShaiHulud,KOI
jaetut-varit-test,1.0.2,ShaiHulud,KOI
jan-browser,0.13.1,ShaiHulud,KOI
jquery-bindings,1.1.2,ShaiHulud,KOI
jquery-bindings,1.1.3,ShaiHulud,KOI
jsonsurge,1.0.7,ShaiHulud,KOI
just-toasty,1.7.1,ShaiHulud,KOI
kill-port,2.0.2,ShaiHulud,KOI
kill-port,2.0.3,ShaiHulud,KOI
kinetix-default-token-list,1.0.5,ShaiHulud,KOI
kns-error-code,1.0.8,ShaiHulud,KOI
korea-administrative-area-geo-json-util,1.0.7,ShaiHulud,KOI
kwami,1.5.10,ShaiHulud,KOI
kwami,1.5.9,ShaiHulud,KOI
lang-codes,1.0.1,ShaiHulud,KOI
lang-codes,1.0.2,ShaiHulud,KOI
license-o-matic,1.2.1,ShaiHulud,KOI
license-o-matic,1.2.2,ShaiHulud,KOI
lint-staged-imagemin,1.3.1,ShaiHulud,KOI
lint-staged-imagemin,1.3.2,ShaiHulud,KOI
lite-serper-mcp-server,0.2.2,ShaiHulud,KOI
lui-vue-test,0.70.9,ShaiHulud,KOI
luno-api,1.2.3,ShaiHulud,KOI
m25-transaction-utils,1.1.16,ShaiHulud,KOI
manual-billing-system-miniapp-api,1.3.1,ShaiHulud,KOI
mcp-use,1.4.2,ShaiHulud,KOI
mcp-use,1.4.3,ShaiHulud,KOI
medusa-plugin-announcement,0.0.3,ShaiHulud,KOI
medusa-plugin-logs,0.0.17,ShaiHulud,KOI
medusa-plugin-momo,0.0.68,ShaiHulud,KOI
medusa-plugin-product-reviews-kvy,0.0.4,ShaiHulud,KOI
medusa-plugin-zalopay,0.0.40,ShaiHulud,KOI
mod10-check-digit,1.0.1,ShaiHulud,KOI
mon-package-react-typescript,1.0.1,ShaiHulud,KOI
my-saeed-lib,0.1.1,ShaiHulud,KOI
n8n-nodes-tmdb,0.5.1,ShaiHulud,KOI
n8n-nodes-vercel-ai-sdk,0.1.7,ShaiHulud,KOI
n8n-nodes-viral-app,0.2.5,ShaiHulud,KOI
nanoreset,7.0.1,ShaiHulud,KOI
nanoreset,7.0.2,ShaiHulud,KOI
next-circular-dependency,1.0.2,ShaiHulud,KOI
next-circular-dependency,1.0.3,ShaiHulud,KOI
next-simple-google-analytics,1.1.1,ShaiHulud,KOI
next-simple-google-analytics,1.1.2,ShaiHulud,KOI
next-styled-nprogress,1.0.4,ShaiHulud,KOI
next-styled-nprogress,1.0.5,ShaiHulud,KOI
ngx-useful-swiper-prosenjit,9.0.2,ShaiHulud,KOI
ngx-wooapi,12.0.1,ShaiHulud,KOI
nitro-graphql,1.5.12,ShaiHulud,KOI
nitro-kutu,0.1.1,ShaiHulud,KOI
nitrodeploy,1.0.8,ShaiHulud,KOI
nitroping,0.1.1,ShaiHulud,KOI
normal-store,1.3.1,ShaiHulud,KOI
normal-store,1.3.2,ShaiHulud,KOI
normal-store,1.3.3,ShaiHulud,KOI
normal-store,1.3.4,ShaiHulud,KOI
nuxt-keycloak,0.2.2,ShaiHulud,KOI
obj-to-css,1.0.2,ShaiHulud,KOI
obj-to-css,1.0.3,ShaiHulud,KOI
okta-react-router-6,5.0.1,ShaiHulud,KOI
open2internet,0.1.1,ShaiHulud,KOI
orbit-boxicons,2.1.3,ShaiHulud,KOI
orbit-nebula-draw-tools,1.0.10,ShaiHulud,KOI
orbit-nebula-editor,1.0.2,ShaiHulud,KOI
orbit-soap,0.43.13,ShaiHulud,KOI
orchestrix,12.1.2,ShaiHulud,KOI
package-tester,1.0.1,ShaiHulud,KOI
parcel-plugin-asset-copier,1.1.2,ShaiHulud,KOI
parcel-plugin-asset-copier,1.1.3,ShaiHulud,KOI
pdf-annotation,0.0.2,ShaiHulud,KOI
pergel,0.13.2,ShaiHulud,KOI
pergeltest,0.0.25,ShaiHulud,KOI
piclite,1.0.1,ShaiHulud,KOI
pico-uid,1.0.3,ShaiHulud,KOI
pico-uid,1.0.4,ShaiHulud,KOI
pkg-readme,1.1.1,ShaiHulud,KOI
poper-react-sdk,0.1.2,ShaiHulud,KOI
posthog-docusaurus,2.0.6,ShaiHulud,KOI
posthog-js,1.297.3,ShaiHulud,KOI
posthog-node,4.18.1,ShaiHulud,KOI
posthog-node,5.13.3,ShaiHulud,KOI
posthog-plugin-hello-world,1.0.1,ShaiHulud,KOI
posthog-react-native,4.11.1,ShaiHulud,KOI
posthog-react-native,4.12.5,ShaiHulud,KOI
posthog-react-native-session-replay,1.2.2,ShaiHulud,KOI
prime-one-table,0.0.19,ShaiHulud,KOI
prompt-eng,1.0.50,ShaiHulud,KOI
prompt-eng-server,1.0.18,ShaiHulud,KOI
puny-req,1.0.3,ShaiHulud,KOI
quickswap-ads-list,1.0.33,ShaiHulud,KOI
quickswap-default-staking-list,1.0.11,ShaiHulud,KOI
quickswap-default-staking-list-address,1.0.55,ShaiHulud,KOI
quickswap-default-token-list,1.5.16,ShaiHulud,KOI
quickswap-router-sdk,1.0.1,ShaiHulud,KOI
quickswap-sdk,3.0.44,ShaiHulud,KOI
quickswap-smart-order-router,1.0.1,ShaiHulud,KOI
quickswap-token-lists,1.0.3,ShaiHulud,KOI
quickswap-v2-sdk,2.0.1,ShaiHulud,KOI
ra-auth-firebase,1.0.3,ShaiHulud,KOI
ra-data-firebase,1.0.7,ShaiHulud,KOI
ra-data-firebase,1.0.8,ShaiHulud,KOI
react-component-taggers,0.1.9,ShaiHulud,KOI
react-data-to-export,1.0.1,ShaiHulud,KOI
react-element-prompt-inspector,0.1.18,ShaiHulud,KOI
react-favic,1.0.2,ShaiHulud,KOI
react-hook-form-persist,3.0.1,ShaiHulud,KOI
react-hook-form-persist,3.0.2,ShaiHulud,KOI
react-jam-icons,1.0.1,ShaiHulud,KOI
react-jam-icons,1.0.2,ShaiHulud,KOI
react-keycloak-context,1.0.8,ShaiHulud,KOI
react-keycloak-context,1.0.9,ShaiHulud,KOI
react-library-setup,0.0.6,ShaiHulud,KOI
react-linear-loader,1.0.2,ShaiHulud,KOI
react-micromodal.js,1.0.1,ShaiHulud,KOI
react-micromodal.js,1.0.2,ShaiHulud,KOI
react-native-datepicker-modal,1.3.1,ShaiHulud,KOI
react-native-datepicker-modal,1.3.2,ShaiHulud,KOI
react-native-email,2.1.1,ShaiHulud,KOI
react-native-email,2.1.2,ShaiHulud,KOI
react-native-fetch,2.0.1,ShaiHulud,KOI
react-native-fetch,2.0.2,ShaiHulud,KOI
react-native-get-pixel-dimensions,1.0.1,ShaiHulud,KOI
react-native-get-pixel-dimensions,1.0.2,ShaiHulud,KOI
react-native-google-maps-directions,2.1.2,ShaiHulud,KOI
react-native-jam-icons,1.0.1,ShaiHulud,KOI
react-native-jam-icons,1.0.2,ShaiHulud,KOI
react-native-log-level,1.2.1,ShaiHulud,KOI
react-native-log-level,1.2.2,ShaiHulud,KOI
react-native-modest-checkbox,3.3.1,ShaiHulud,KOI
react-native-modest-storage,2.1.1,ShaiHulud,KOI
react-native-phone-call,1.2.1,ShaiHulud,KOI
react-native-phone-call,1.2.2,ShaiHulud,KOI
react-native-retriable-fetch,2.0.1,ShaiHulud,KOI
react-native-retriable-fetch,2.0.2,ShaiHulud,KOI
react-native-use-modal,1.0.3,ShaiHulud,KOI
react-native-view-finder,1.2.1,ShaiHulud,KOI
react-native-view-finder,1.2.2,ShaiHulud,KOI
react-native-websocket,1.0.3,ShaiHulud,KOI
react-native-websocket,1.0.4,ShaiHulud,KOI
react-native-worklet-functions,3.3.3,ShaiHulud,KOI
react-packery-component,1.0.3,ShaiHulud,KOI
react-qr-image,1.1.1,ShaiHulud,KOI
react-scrambled-text,1.0.4,ShaiHulud,KOI
rediff,1.0.5,ShaiHulud,KOI
rediff-viewer,0.0.7,ShaiHulud,KOI
redux-forge,2.5.3,ShaiHulud,KOI
redux-router-kit,1.2.2,ShaiHulud,KOI
redux-router-kit,1.2.3,ShaiHulud,KOI
redux-router-kit,1.2.4,ShaiHulud,KOI
revenuecat,1.0.1,ShaiHulud,KOI
rollup-plugin-httpfile,0.2.1,ShaiHulud,KOI
sa-company-registration-number-regex,1.0.1,ShaiHulud,KOI
sa-company-registration-number-regex,1.0.2,ShaiHulud,KOI
sa-id-gen,1.0.4,ShaiHulud,KOI
sa-id-gen,1.0.5,ShaiHulud,KOI
samesame,1.0.3,ShaiHulud,KOI
scgs-capacitor-subscribe,1.0.11,ShaiHulud,KOI
scgsffcreator,1.0.5,ShaiHulud,KOI
schob,1.0.3,ShaiHulud,KOI
selenium-session,1.0.5,ShaiHulud,KOI
selenium-session-client,1.0.4,ShaiHulud,KOI
set-nested-prop,2.0.1,ShaiHulud,KOI
set-nested-prop,2.0.2,ShaiHulud,KOI
shelf-jwt-sessions,0.1.2,ShaiHulud,KOI
shell-exec,1.1.3,ShaiHulud,KOI
shell-exec,1.1.4,ShaiHulud,KOI
shinhan-limit-scrap,1.0.3,ShaiHulud,KOI
silgi,0.43.30,ShaiHulud,KOI
simplejsonform,1.0.1,ShaiHulud,KOI
skills-use,0.1.1,ShaiHulud,KOI
skills-use,0.1.2,ShaiHulud,KOI
solomon-api-stories,1.0.2,ShaiHulud,KOI
solomon-v3-stories,1.15.6,ShaiHulud,KOI
solomon-v3-ui-wrapper,1.6.1,ShaiHulud,KOI
soneium-acs,1.0.1,ShaiHulud,KOI
sort-by-distance,2.0.1,ShaiHulud,KOI
south-african-id-info,1.0.2,ShaiHulud,KOI
stat-fns,1.0.1,ShaiHulud,KOI
stoor,2.3.2,ShaiHulud,KOI
sufetch,0.4.1,ShaiHulud,KOI
super-commit,1.0.1,ShaiHulud,KOI
svelte-autocomplete-select,1.1.1,ShaiHulud,KOI
svelte-toasty,1.1.2,ShaiHulud,KOI
svelte-toasty,1.1.3,ShaiHulud,KOI
tanstack-shadcn-table,1.1.5,ShaiHulud,KOI
tavily-module,1.0.1,ShaiHulud,KOI
tcsp,2.0.2,ShaiHulud,KOI
tcsp-draw-test,1.0.5,ShaiHulud,KOI
tcsp-test-vd,2.4.4,ShaiHulud,KOI
template-lib,1.1.3,ShaiHulud,KOI
template-lib,1.1.4,ShaiHulud,KOI
template-micro-service,1.0.2,ShaiHulud,KOI
template-micro-service,1.0.3,ShaiHulud,KOI
tenacious-fetch,2.3.2,ShaiHulud,KOI
tenacious-fetch,2.3.3,ShaiHulud,KOI
test-foundry-app,1.0.1,ShaiHulud,KOI
test-foundry-app,1.0.2,ShaiHulud,KOI
test-foundry-app,1.0.3,ShaiHulud,KOI
test-foundry-app,1.0.4,ShaiHulud,KOI
test-hardhat-app,1.0.1,ShaiHulud,KOI
test-hardhat-app,1.0.2,ShaiHulud,KOI
test-hardhat-app,1.0.3,ShaiHulud,KOI
test-hardhat-app,1.0.4,ShaiHulud,KOI
test23112222-api,1.0.1,ShaiHulud,KOI
tiaan,1.0.2,ShaiHulud,KOI
tiptap-shadcn-vue,0.2.1,ShaiHulud,KOI
token.js-fork,0.7.32,ShaiHulud,KOI
toonfetch,0.3.2,ShaiHulud,KOI
trigo-react-app,4.1.2,ShaiHulud,KOI
ts-relay-cursor-paging,2.1.1,ShaiHulud,KOI
typeface-antonio-complete,1.0.5,ShaiHulud,KOI
typefence,1.2.2,ShaiHulud,KOI
typefence,1.2.3,ShaiHulud,KOI
typeorm-orbit,0.2.27,ShaiHulud,KOI
unadapter,0.1.3,ShaiHulud,KOI
undefsafe-typed,1.0.4,ShaiHulud,KOI
unemail,0.3.1,ShaiHulud,KOI
uniswap-router-sdk,1.6.2,ShaiHulud,KOI
uniswap-smart-order-router,3.16.26,ShaiHulud,KOI
uniswap-test-sdk-core,4.0.8,ShaiHulud,KOI
unsearch,0.0.3,ShaiHulud,KOI
uplandui,0.5.4,ShaiHulud,KOI
upload-to-play-store,1.0.1,ShaiHulud,KOI
upload-to-play-store,1.0.2,ShaiHulud,KOI
url-encode-decode,1.0.1,ShaiHulud,KOI
url-encode-decode,1.0.2,ShaiHulud,KOI
use-unsaved-changes,1.0.9,ShaiHulud,KOI
v-plausible,1.2.1,ShaiHulud,KOI
valid-south-african-id,1.0.3,ShaiHulud,KOI
valuedex-sdk,3.0.5,ShaiHulud,KOI
vf-oss-template,1.0.1,ShaiHulud,KOI
vf-oss-template,1.0.2,ShaiHulud,KOI
vf-oss-template,1.0.3,ShaiHulud,KOI
victoria-wallet-constants,0.1.1,ShaiHulud,KOI
victoria-wallet-constants,0.1.2,ShaiHulud,KOI
victoria-wallet-core,0.1.1,ShaiHulud,KOI
victoria-wallet-core,0.1.2,ShaiHulud,KOI
victoria-wallet-type,0.1.1,ShaiHulud,KOI
victoria-wallet-type,0.1.2,ShaiHulud,KOI
victoria-wallet-utils,0.1.1,ShaiHulud,KOI
victoria-wallet-utils,0.1.2,ShaiHulud,KOI
victoria-wallet-validator,0.1.1,ShaiHulud,KOI
victoria-wallet-validator,0.1.2,ShaiHulud,KOI
victoriaxoaquyet-wallet-core,0.2.1,ShaiHulud,KOI
victoriaxoaquyet-wallet-core,0.2.2,ShaiHulud,KOI
vite-plugin-httpfile,0.2.1,ShaiHulud,KOI
vue-browserupdate-nuxt,1.0.5,ShaiHulud,KOI
wallet-evm,0.3.1,ShaiHulud,KOI
wallet-evm,0.3.2,ShaiHulud,KOI
wallet-type,0.1.1,ShaiHulud,KOI
wallet-type,0.1.2,ShaiHulud,KOI
web-scraper-mcp,1.1.4,ShaiHulud,KOI
web-types-htmx,0.1.1,ShaiHulud,KOI
web-types-lit,0.1.1,ShaiHulud,KOI
webpack-loader-httpfile,0.2.1,ShaiHulud,KOI
wellness-expert-ng-gallery,5.1.1,ShaiHulud,KOI
wenk,1.0.10,ShaiHulud,KOI
wenk,1.0.9,ShaiHulud,KOI
zapier-async-storage,1.0.1,ShaiHulud,KOI
zapier-async-storage,1.0.2,ShaiHulud,KOI
zapier-async-storage,1.0.3,ShaiHulud,KOI
zapier-platform-cli,18.0.2,ShaiHulud,KOI
zapier-platform-cli,18.0.3,ShaiHulud,KOI
zapier-platform-cli,18.0.4,ShaiHulud,KOI
zapier-platform-core,18.0.2,ShaiHulud,KOI
zapier-platform-core,18.0.3,ShaiHulud,KOI
zapier-platform-core,18.0.4,ShaiHulud,KOI
zapier-platform-legacy-scripting-runner,4.0.2,ShaiHulud,KOI
zapier-platform-legacy-scripting-runner,4.0.3,ShaiHulud,KOI
zapier-platform-legacy-scripting-runner,4.0.4,ShaiHulud,KOI
zapier-platform-schema,18.0.2,ShaiHulud,KOI
zapier-platform-schema,18.0.3,ShaiHulud,KOI
zapier-platform-schema,18.0.4,ShaiHulud,KOI
zapier-scripts,7.8.3,ShaiHulud,KOI
zapier-scripts,7.8.4,ShaiHulud,KOI
zuper-cli,1.0.1,ShaiHulud,KOI
zuper-sdk,1.0.57,ShaiHulud,KOI
zuper-stream,2.0.9,ShaiHulud,KOI
